EPM,Plant,City,capacity_mgy,dryer_type,dryer_type_from_technology_flags,fiber_to_ethanol_technology,fiber_to_ethanol_source,operating_permit_source,dryer_mmbtu_hr,boiler_mmbtu_hr,rto_thermal_oxidizer_mmbtu_hr,waste_heat_boiler_mmbtu_hr,total_thermal_mmbtu_hr,total_thermal_mmbtu_hr_per_mgy,estimated_btu_per_gal_from_heat_input,white_fox_membrane,molecular_sieve_only,chp,waste_heat_recovery,fiber_to_ethanol,d3_capable,generic_fiber_separation,high_protein,corn_oil_extraction,edeniq,fluid_quip,icm_selective_milling,icm_fst,co2_capture,rng_biogas,program,pathway_class,ci,feedstock,coproduct_type,source_date,source_detail
3546,Absolute Energy,St. Ansgar,130.0,DDGS Dryer,Rotary Dryer,Edeniq,tech_flags.fiber_technology,13-TV-007R2.pdf,,,45.0,,45.0,0.34615384615384615,3032.3076923076924,False,False,False,False,True,True,False,False,True,True,False,False,False,False,False,CA,fiber/cellulosic,29.68,Corn Fiber (012),,2026-05-19,
3546,Absolute Energy,St. Ansgar,130.0,DDGS Dryer,Rotary Dryer,Edeniq,tech_flags.fiber_technology,13-TV-007R2.pdf,,,45.0,,45.0,0.34615384615384615,3032.3076923076924,False,False,False,False,True,True,False,False,True,True,False,False,False,False,False,CA,corn starch,69.63,Corn (009),DDGS + MDGS,2026-05-19,
3571,Big River United Energy LLC,Dyersville,140.0,DDGS Dryer,Rotary Dryer,,,14-TV-010R2.pdf,,,,,,,,False,False,False,True,False,True,False,False,True,False,False,False,False,False,False,CFA,corn starch,37.0,Corn,,24-11-2023,FINAL
3600,Elite Octane LLC,Atlantic,175.0,DDGS Dryer,Rotary Dryer,Edeniq,tech_flags.fiber_technology,20-TV-004.pdf,,,,,,,,False,False,False,False,True,True,False,False,True,True,False,False,False,False,False,CA,fiber/cellulosic,28.35,Corn Fiber (012),,2026-05-19,
3600,Elite Octane LLC,Atlantic,175.0,DDGS Dryer,Rotary Dryer,Edeniq,tech_flags.fiber_technology,20-TV-004.pdf,,,,,,,,False,False,False,False,True,True,False,False,True,True,False,False,False,False,False,CA,corn starch,70.15,Corn (009),DDGS + MDGS,2026-05-19,
3620,Green Plains Shenandoah LLC,Shenandoah,100.0,DDGS Dryer,Rotary Dryer,,,13-TV-004R2.pdf,,,,,,,,False,False,False,False,False,True,False,True,True,False,True,False,False,False,False,BC,unknown,44.54,,,2024-01-01T00:00:00,BCLCF182.4
3620,Green Plains Shenandoah LLC,Shenandoah,100.0,DDGS Dryer,Rotary Dryer,,,13-TV-004R2.pdf,,,,,,,,False,False,False,False,False,True,False,True,True,False,True,False,False,False,False,CFA,corn starch,44.0,Corn,,19-06-2024,FINAL
3621,Green Plains Superior,Superior,68.5,DDGS Dryer,Ring Dryer,,,13-TV-005R2.pdf,,,,,,,,False,False,False,False,False,True,False,False,True,False,False,False,False,False,False,CA,corn starch,71.0,Corn (009),DDGS + WDGS,2026-05-19,
3632,Homeland Energy Solutions LLC,Lawler,207.0,DDGS Dryer,Rotary Dryer,Edeniq,tech_flags.fiber_technology,14-TV-001R2.pdf,,,,,,,,False,False,False,True,True,True,False,False,True,True,False,False,False,False,True,CA,fiber/cellulosic,24.68,Corn Fiber (012),,2026-05-19,
3632,Homeland Energy Solutions LLC,Lawler,207.0,DDGS Dryer,Rotary Dryer,Edeniq,tech_flags.fiber_technology,14-TV-001R2.pdf,,,,,,,,False,False,False,True,True,True,False,False,True,True,False,False,False,False,True,CA,corn starch,71.57,Corn (009),DDGS,2026-05-19,
3641,Lincolnway Energy LLC,Nevada,90.0,DDGS Dryer,Steam Tube Dryer,Edeniq,tech_flags.fiber_technology,14-TV-002R2.pdf,,238.0,,,238.0,2.6444444444444444,23165.333333333332,True,False,False,False,True,True,False,False,True,True,False,False,False,False,False,CA,fiber/cellulosic,23.7,Corn Fiber (012),,2026-05-19,
3641,Lincolnway Energy LLC,Nevada,90.0,DDGS Dryer,Steam Tube Dryer,Edeniq,tech_flags.fiber_technology,14-TV-002R2.pdf,,238.0,,,238.0,2.6444444444444444,23165.333333333332,True,False,False,False,True,True,False,False,True,True,False,False,False,False,False,CA,corn starch,70.85,Corn (009),DDGS + WDGS,2026-05-19,
3642,Little Sioux Corn Processors LLLP,Marcus,165.0,MSC Dryer + DDGS Dryer,Rotary Dryer,Edeniq,tech_flags.fiber_technology,10-TV-005R2.pdf,,,,,,,,False,False,False,True,True,True,False,True,True,True,True,False,False,False,False,CA,fiber/cellulosic,26.0,Corn Fiber (012),,2026-05-19,
3642,Little Sioux Corn Processors LLLP,Marcus,165.0,MSC Dryer + DDGS Dryer,Rotary Dryer,Edeniq,tech_flags.fiber_technology,10-TV-005R2.pdf,,,,,,,,False,False,False,True,True,True,False,True,True,True,True,False,False,False,False,CA,corn starch,65.0,Corn (009),WDGS,2026-05-19,
3642,Little Sioux Corn Processors LLLP,Marcus,165.0,MSC Dryer + DDGS Dryer,Rotary Dryer,Edeniq,tech_flags.fiber_technology,10-TV-005R2.pdf,,,,,,,,False,False,False,True,True,True,False,True,True,True,True,False,False,False,False,CFA,corn starch,40.0,Corn,,19-06-2024,FINAL
3643,Louis Dreyfus Co,Grand Junction,121.6,Rotary Dryer,Rotary Dryer,Edeniq,lcfs_detail.ca_detail.fiber_technology,,,,,,,,,False,False,False,False,True,True,False,False,False,True,False,False,False,False,False,CA,fiber/cellulosic,24.19,Corn Fiber (012),,2026-05-19,
3643,Louis Dreyfus Co,Grand Junction,121.6,Rotary Dryer,Rotary Dryer,Edeniq,lcfs_detail.ca_detail.fiber_technology,,,,,,,,,False,False,False,False,True,True,False,False,False,True,False,False,False,False,False,CA,corn starch,66.8,Corn (009),MDGS,2026-05-19,
3660,Plymouth Energy LLC,Merrill,70.0,Ring Dryer,Ring Dryer,,,3660_plymouthtxt.txt,,,,,,,,False,False,False,False,False,False,False,False,True,False,False,False,False,False,False,CA,corn starch,65.3,Corn (009),DDGS + WDGS,2026-05-19,
3660,Plymouth Energy LLC,Merrill,70.0,Ring Dryer,Ring Dryer,,,3660_plymouthtxt.txt,,,,,,,,False,False,False,False,False,False,False,False,True,False,False,False,False,False,False,WA,corn starch,65.29,corn starch,,Q1 2025,"Plymouth Energy LLC (5474; 70183). Midwest Corn Starch Ethanol, Dry Mill, Wet DGS, Corn Oil and Syrup; NG, Grid Electricity; Starch Ethanol produced in Merrill, Iowa and transported by Rail to Washington"
3660,Plymouth Energy LLC,Merrill,70.0,Ring Dryer,Ring Dryer,,,3660_plymouthtxt.txt,,,,,,,,False,False,False,False,False,False,False,False,True,False,False,False,False,False,False,CFA,corn starch,35.0,Corn,,15-01-2024,FINAL
3662,Poet Biorefinning-Arthur LLC,Arthur,132.0,DDGS Dryer,Rotary Dryer,BPX,tech_flags.fiber_technology,10-TV-008R2.pdf,,147.4,54.4,147.4,201.8,1.5287878787878788,13392.181818181818,False,False,False,True,True,True,False,False,True,False,False,False,False,False,False,CA,fiber/cellulosic,26.89,Corn Fiber (012),,2026-05-19,
3662,Poet Biorefinning-Arthur LLC,Arthur,132.0,DDGS Dryer,Rotary Dryer,BPX,tech_flags.fiber_technology,10-TV-008R2.pdf,,147.4,54.4,147.4,201.8,1.5287878787878788,13392.181818181818,False,False,False,True,True,True,False,False,True,False,False,False,False,False,False,CA,corn starch,66.66,Corn (009),WDGS,2026-05-19,
3662,Poet Biorefinning-Arthur LLC,Arthur,132.0,DDGS Dryer,Rotary Dryer,BPX,tech_flags.fiber_technology,10-TV-008R2.pdf,,147.4,54.4,147.4,201.8,1.5287878787878788,13392.181818181818,False,False,False,True,True,True,False,False,True,False,False,False,False,False,False,CFA,corn starch,39.0,Corn,,27-06-2024,TEMPORARY
3663,Poet Biorefinning-Ashton LLC,Ashton,68.0,DDGS Dryer,Ring Dryer,BPX,tech_flags.fiber_technology,14-TV-006.pdf,,,,,,,,False,False,True,False,True,True,False,False,True,False,False,False,False,False,False,CA,fiber/cellulosic,25.42,Corn Fiber (012),,2026-05-19,
3663,Poet Biorefinning-Ashton LLC,Ashton,68.0,DDGS Dryer,Ring Dryer,BPX,tech_flags.fiber_technology,14-TV-006.pdf,,,,,,,,False,False,True,False,True,True,False,False,True,False,False,False,False,False,False,CA,corn starch,65.0,Corn (009),WDGS,2026-05-19,
3669,Poet Biorefinning-Coon Rapids,Coon Rapids,65.0,DDGS Dryer,Ring Dryer,BPX,tech_flags.fiber_technology,07-TV-001R3.pdf,,,,,,,,False,False,False,False,True,True,False,False,True,False,False,False,False,False,False,CA,fiber/cellulosic,26.63,Corn Fiber (012),DDGS + WDGS,2026-05-19,
3669,Poet Biorefinning-Coon Rapids,Coon Rapids,65.0,DDGS Dryer,Ring Dryer,BPX,tech_flags.fiber_technology,07-TV-001R3.pdf,,,,,,,,False,False,False,False,True,True,False,False,True,False,False,False,False,False,False,CA,corn starch,66.28,Corn (009),WDGS,2026-05-19,
3669,Poet Biorefinning-Coon Rapids,Coon Rapids,65.0,DDGS Dryer,Ring Dryer,BPX,tech_flags.fiber_technology,07-TV-001R3.pdf,,,,,,,,False,False,False,False,True,True,False,False,True,False,False,False,False,False,False,OR,fiber/cellulosic,28.46,Fiber,,2025-07-10,
3669,Poet Biorefinning-Coon Rapids,Coon Rapids,65.0,DDGS Dryer,Ring Dryer,BPX,tech_flags.fiber_technology,07-TV-001R3.pdf,,,,,,,,False,False,False,False,True,True,False,False,True,False,False,False,False,False,False,OR,corn starch,55.98,Corn,WDGS,2025-07-10,
3669,Poet Biorefinning-Coon Rapids,Coon Rapids,65.0,DDGS Dryer,Ring Dryer,BPX,tech_flags.fiber_technology,07-TV-001R3.pdf,,,,,,,,False,False,False,False,True,True,False,False,True,False,False,False,False,False,False,WA,corn starch,72.95,corn starch,,Q3 2025,"POET Biorefining - Coon Rapids (4783, 70031); Midwest Corn, Dry Mill, Dry DGS; Corn Oil and Syrup using natural gas and grid electricity; ethanol produced in Coon Rapids, Iowa using BPX conversion method; Ethanol transported to Washington"
3669,Poet Biorefinning-Coon Rapids,Coon Rapids,65.0,DDGS Dryer,Ring Dryer,BPX,tech_flags.fiber_technology,07-TV-001R3.pdf,,,,,,,,False,False,False,False,True,True,False,False,True,False,False,False,False,False,False,WA,fiber/cellulosic,26.47,fiber/cellulosic,,Q1 2026,"POET Biorefining - Coon Rapids (4783, 70031); Midwest Corn, Dry Mill; Corn Oil and Syrup using natural gas and grid electricity; Corn Kernel Fiber ethanol produced in Coon Rapids, Iowa using BPX conversion method; Ethanol transported to Washington"
3670,Poet Biorefinning-Corning LLC,Corning,90.0,Ring Dryer,Ring Dryer,BPX,tech_flags.fiber_technology,Plant Name POET Biorefining – Corni.txt,,,,,,,,False,True,True,False,True,True,False,False,True,False,False,False,False,False,False,CA,fiber/cellulosic,26.96,Corn Fiber (012),DDGS + WDGS,2026-05-19,
3670,Poet Biorefinning-Corning LLC,Corning,90.0,Ring Dryer,Ring Dryer,BPX,tech_flags.fiber_technology,Plant Name POET Biorefining – Corni.txt,,,,,,,,False,True,True,False,True,True,False,False,True,False,False,False,False,False,False,CA,corn starch,66.57,Corn (009),WDGS,2026-05-19,
3670,Poet Biorefinning-Corning LLC,Corning,90.0,Ring Dryer,Ring Dryer,BPX,tech_flags.fiber_technology,Plant Name POET Biorefining – Corni.txt,,,,,,,,False,True,True,False,True,True,False,False,True,False,False,False,False,False,False,OR,fiber/cellulosic,26.13,Fiber,,2025-07-10,
3670,Poet Biorefinning-Corning LLC,Corning,90.0,Ring Dryer,Ring Dryer,BPX,tech_flags.fiber_technology,Plant Name POET Biorefining – Corni.txt,,,,,,,,False,True,True,False,True,True,False,False,True,False,False,False,False,False,False,OR,corn starch,54.2,Corn,WDGS,2025-07-10,
3670,Poet Biorefinning-Corning LLC,Corning,90.0,Ring Dryer,Ring Dryer,BPX,tech_flags.fiber_technology,Plant Name POET Biorefining – Corni.txt,,,,,,,,False,True,True,False,True,True,False,False,True,False,False,False,False,False,False,WA,corn starch,66.75,corn starch,,Q1 2026,"POET Biorefining - Corning (5046, 70143); Midwest Corn, Dry Mill, Wet DGS, Corn Oil and Syrup using natural gas and grid electricity; Corn starch ethanol produced in Corning, Iowa using BPX conversion method; Ethanol transported by rail to Washington"
3670,Poet Biorefinning-Corning LLC,Corning,90.0,Ring Dryer,Ring Dryer,BPX,tech_flags.fiber_technology,Plant Name POET Biorefining – Corni.txt,,,,,,,,False,True,True,False,True,True,False,False,True,False,False,False,False,False,False,WA,fiber/cellulosic,26.89,fiber/cellulosic,,Q1 2026,"POET Biorefining - Corning (5046, 70143); Midwest Corn, Dry Mill, Corn Kernel Fiber, Corn Oil and Syrup using natural gas and grid electricity; Corn Kernel Fiber ethanol produced in Corning, Iowa using BPX conversion method; Ethanol transported by rail to Washington"
3671,Poet Biorefinning-Fairbank,Fairbank,132.0,DDGS Dryer,Rotary Dryer,Proprietary,tech_flags.fiber_technology,15-TV-010R2.pdf,,,,,,,,False,False,False,True,True,True,False,False,True,False,False,False,False,False,False,CA,fiber/cellulosic,25.94,Corn Fiber (012),,2026-05-19,
3671,Poet Biorefinning-Fairbank,Fairbank,132.0,DDGS Dryer,Rotary Dryer,Proprietary,tech_flags.fiber_technology,15-TV-010R2.pdf,,,,,,,,False,False,False,True,True,True,False,False,True,False,False,False,False,False,False,CA,corn starch,65.36,Corn (009),WDGS,2026-05-19,
3671,Poet Biorefinning-Fairbank,Fairbank,132.0,DDGS Dryer,Rotary Dryer,Proprietary,tech_flags.fiber_technology,15-TV-010R2.pdf,,,,,,,,False,False,False,True,True,True,False,False,True,False,False,False,False,False,False,CFA,corn starch,39.0,Corn,,06-12-2023,TEMPORARY
3675,Poet Biorefinning-Gowrie LLC,Gowrie,90.0,Ring Dryer,Ring Dryer,BPX,tech_flags.fiber_technology,Plant Name POET Biorefining – Gowri.txt,,,,,,,,False,True,True,False,True,True,False,False,True,False,False,False,False,False,False,CA,fiber/cellulosic,24.96,Corn Fiber (012),DDGS + WDGS + MDGS,2026-05-19,
3675,Poet Biorefinning-Gowrie LLC,Gowrie,90.0,Ring Dryer,Ring Dryer,BPX,tech_flags.fiber_technology,Plant Name POET Biorefining – Gowri.txt,,,,,,,,False,True,True,False,True,True,False,False,True,False,False,False,False,False,False,CA,corn starch,64.56,Corn (009),MDGS,2026-05-19,
3677,Poet Biorefinning-Hanlontown LLC,Hanlontown,80.0,Ring Dryer,Ring Dryer,BPX,tech_flags.fiber_technology,21-TV-001R1.pdf,,,,,,,,False,False,True,False,True,True,False,False,True,False,False,False,False,False,False,CA,fiber/cellulosic,27.88,Corn Fiber (012),DDGS + WDGS,2026-05-19,
3677,Poet Biorefinning-Hanlontown LLC,Hanlontown,80.0,Ring Dryer,Ring Dryer,BPX,tech_flags.fiber_technology,21-TV-001R1.pdf,,,,,,,,False,False,True,False,True,True,False,False,True,False,False,False,False,False,False,CA,corn starch,67.07,Corn (009),WDGS,2026-05-19,
3679,Poet Biorefinning-Iowa Falls LLC,Iowa Falls,112.0,DDGS Dryer,Rotary Dryer,Proprietary,tech_flags.fiber_technology,19-TV-005R1.pdf,,147.4,,147.4,147.4,1.3160714285714286,11528.785714285714,False,False,False,True,True,True,False,False,True,False,False,False,False,False,False,CA,fiber/cellulosic,25.25,Corn Fiber (012),,2026-05-19,
3679,Poet Biorefinning-Iowa Falls LLC,Iowa Falls,112.0,DDGS Dryer,Rotary Dryer,Proprietary,tech_flags.fiber_technology,19-TV-005R1.pdf,,147.4,,147.4,147.4,1.3160714285714286,11528.785714285714,False,False,False,True,True,True,False,False,True,False,False,False,False,False,False,CA,corn starch,65.49,Corn (009),MDGS,2026-05-19,
3680,Poet Biorefinning-Jewell LLC,Jewell,90.0,DDGS Dryer,Ring Dryer,BPX,tech_flags.fiber_technology,18-TV-004-M001.pdf,,,,,,,,False,False,True,False,True,True,False,False,True,False,False,False,False,False,False,CA,fiber/cellulosic,27.18,Corn Fiber (012),DDGS + WDGS,2026-05-19,
3680,Poet Biorefinning-Jewell LLC,Jewell,90.0,DDGS Dryer,Ring Dryer,BPX,tech_flags.fiber_technology,18-TV-004-M001.pdf,,,,,,,,False,False,True,False,True,True,False,False,True,False,False,False,False,False,False,CA,corn starch,67.19,Corn (009),WDGS,2026-05-19,
3680,Poet Biorefinning-Jewell LLC,Jewell,90.0,DDGS Dryer,Ring Dryer,BPX,tech_flags.fiber_technology,18-TV-004-M001.pdf,,,,,,,,False,False,True,False,True,True,False,False,True,False,False,False,False,False,False,OR,fiber/cellulosic,26.03,Fiber,,2025-07-10,
3680,Poet Biorefinning-Jewell LLC,Jewell,90.0,DDGS Dryer,Ring Dryer,BPX,tech_flags.fiber_technology,18-TV-004-M001.pdf,,,,,,,,False,False,True,False,True,True,False,False,True,False,False,False,False,False,False,OR,corn starch,54.34,Corn,WDGS,2025-07-10,
3680,Poet Biorefinning-Jewell LLC,Jewell,90.0,DDGS Dryer,Ring Dryer,BPX,tech_flags.fiber_technology,18-TV-004-M001.pdf,,,,,,,,False,False,True,False,True,True,False,False,True,False,False,False,False,False,False,WA,fiber/cellulosic,27.27,fiber/cellulosic,,Q1 2026,"POET Biorefining - Jewell (4786: 70014); Midwest Corn, Dry Mill, Corn Kernel Fiber Ethanol, Corn Oil and Syrup using natural gas and grid electricity; Corn starch and Fiber ethanol produced in JEWELL, IA using BPX conversion method; Ethanol transported by rail to Washington"
3686,Poet Biorefinning-Menlo,Menlo,132.0,DDGS Dryer,Rotary Dryer,Proprietary,tech_flags.fiber_technology,15-TV-006R1.pdf,,,,,,,,False,False,False,True,True,True,False,False,True,False,False,False,False,False,False,CA,fiber/cellulosic,26.6,Corn Fiber (012),,2026-05-19,
3686,Poet Biorefinning-Menlo,Menlo,132.0,DDGS Dryer,Rotary Dryer,Proprietary,tech_flags.fiber_technology,15-TV-006R1.pdf,,,,,,,,False,False,False,True,True,True,False,False,True,False,False,False,False,False,False,CA,corn starch,66.31,Corn (009),WDGS,2026-05-19,
3692,Poet Biorefinning-Shell Rock LLC,Shell Rock,128.0,DDGS Dryer,Rotary Dryer,Proprietary,tech_flags.fiber_technology,15-TV-003R1.pdf,,,,,,,,False,False,False,True,True,True,False,True,True,False,True,False,False,False,False,CA,fiber/cellulosic,28.31,Corn Fiber (012),,2026-05-19,
3692,Poet Biorefinning-Shell Rock LLC,Shell Rock,128.0,DDGS Dryer,Rotary Dryer,Proprietary,tech_flags.fiber_technology,15-TV-003R1.pdf,,,,,,,,False,False,False,True,True,True,False,True,True,False,True,False,False,False,False,CA,corn starch,69.03,Corn (009),WDGS,2026-05-19,
3705,Siouxland Energy Cooperative,Sioux Center,65.0,Ring Dryer,Ring Dryer,Edeniq,lcfs_detail.ca_detail.fiber_technology,,,,,,,,,False,False,False,False,True,True,False,False,False,True,False,False,False,False,False,CA,fiber/cellulosic,22.23,Corn Fiber (012),,2026-05-19,
3705,Siouxland Energy Cooperative,Sioux Center,65.0,Ring Dryer,Ring Dryer,Edeniq,lcfs_detail.ca_detail.fiber_technology,,,,,,,,,False,False,False,False,True,True,False,False,False,True,False,False,False,False,False,CA,corn starch,61.09,Corn (009),DDGS,2026-05-19,
3705,Siouxland Energy Cooperative,Sioux Center,65.0,Ring Dryer,Ring Dryer,Edeniq,lcfs_detail.ca_detail.fiber_technology,,,,,,,,,False,False,False,False,True,True,False,False,False,True,False,False,False,False,False,OR,fiber/cellulosic,31.27,Fiber,,2025-07-10,
3705,Siouxland Energy Cooperative,Sioux Center,65.0,Ring Dryer,Ring Dryer,Edeniq,lcfs_detail.ca_detail.fiber_technology,,,,,,,,,False,False,False,False,True,True,False,False,False,True,False,False,False,False,False,OR,corn starch,52.72,Corn,WDGS,2025-07-10,
3705,Siouxland Energy Cooperative,Sioux Center,65.0,Ring Dryer,Ring Dryer,Edeniq,lcfs_detail.ca_detail.fiber_technology,,,,,,,,,False,False,False,False,True,True,False,False,False,True,False,False,False,False,False,WA,corn starch,61.0,corn starch,,Q2 2025,"Siouxland Energy Cooperative (4060; 70112); Midwest Corn, Dry Mill; Wet DGS ; Corn oil and Syrup; Using Natural Gas, Grid Electricity; Starch Ethanol produced in Iowa; Ethanol transported by rail to Washington State"
3705,Siouxland Energy Cooperative,Sioux Center,65.0,Ring Dryer,Ring Dryer,Edeniq,lcfs_detail.ca_detail.fiber_technology,,,,,,,,,False,False,False,False,True,True,False,False,False,True,False,False,False,False,False,WA,fiber/cellulosic,21.5,fiber/cellulosic,,Q2 2025,"Siouxland Energy Cooperative (4060; 70112); Midwest Corn, Dry Mill; Cornel kernel fiber ethanol; Corn oil and Syrup; Using Natural Gas, Grid Electricity; Starch Ethanol produced in Iowa; Ethanol transported by rail to Washington State"
3708,Sothwest Iowa Renewable,Council Bluffs,147.0,Rotary Dryer,Rotary Dryer,Edeniq,tech_flags.fiber_technology,Plant Name Southwest Iowa Renewable.txt,,,,,,,,True,False,False,True,True,True,False,False,True,True,False,False,False,False,False,CA,fiber/cellulosic,23.33,Corn Fiber (012),,2026-05-19,
3708,Sothwest Iowa Renewable,Council Bluffs,147.0,Rotary Dryer,Rotary Dryer,Edeniq,tech_flags.fiber_technology,Plant Name Southwest Iowa Renewable.txt,,,,,,,,True,False,False,True,True,True,False,False,True,True,False,False,False,False,False,CA,corn starch,61.03,Corn (009),WDGS,2026-05-19,
3714,The Andersons Marathon Holdings LLC,Denison,62.0,DDGS Dryer,Rotary Dryer,Edeniq,tech_flags.fiber_technology,14-TV-011R2.pdf,,,,,,,,True,False,False,True,True,True,False,False,True,True,False,False,False,False,False,CA,fiber/cellulosic,26.38,Any Cellulosic Biomass (041),,2026-05-19,
3714,The Andersons Marathon Holdings LLC,Denison,62.0,DDGS Dryer,Rotary Dryer,Edeniq,tech_flags.fiber_technology,14-TV-011R2.pdf,,,,,,,,True,False,False,True,True,True,False,False,True,True,False,False,False,False,False,CA,corn starch,70.33,Corn (009),MDGS,2026-05-19,
3714,The Andersons Marathon Holdings LLC,Denison,62.0,DDGS Dryer,Rotary Dryer,Edeniq,tech_flags.fiber_technology,14-TV-011R2.pdf,,,,,,,,True,False,False,True,True,True,False,False,True,True,False,False,False,False,False,OR,corn starch,56.45,Corn,MDGS,2025-07-10,
3721,Valero Renewable Fuels LLC,Albert City,140.0,Rotary Dryer,Rotary Dryer,BPX,tech_flags.fiber_technology,16-TV-006R1.pdf,,,,150.0,,,,False,True,False,True,True,True,False,False,True,False,False,False,False,False,False,CA,fiber/cellulosic,25.01,Corn Fiber (012),MDGS,2026-05-19,
3721,Valero Renewable Fuels LLC,Albert City,140.0,Rotary Dryer,Rotary Dryer,BPX,tech_flags.fiber_technology,16-TV-006R1.pdf,,,,150.0,,,,False,True,False,True,True,True,False,False,True,False,False,False,False,False,False,CA,corn starch,71.25,Corn (009),MDGS,2026-05-19,
3721,Valero Renewable Fuels LLC,Albert City,140.0,Rotary Dryer,Rotary Dryer,BPX,tech_flags.fiber_technology,16-TV-006R1.pdf,,,,150.0,,,,False,True,False,True,True,True,False,False,True,False,False,False,False,False,False,CFA,corn starch,42.0,Corn,,11-04-2024,FINAL
3726,Valero Renewable Fuels LLC,Charles City,165.0,DDGS Dryer,Rotary Dryer,Soliton,tech_flags.fiber_technology,15-TV-009R2.pdf,,,,,,,,False,False,False,True,True,True,False,False,True,False,False,False,False,False,False,CA,fiber/cellulosic,25.25,Corn Fiber (012),,2026-05-19,
3726,Valero Renewable Fuels LLC,Charles City,165.0,DDGS Dryer,Rotary Dryer,Soliton,tech_flags.fiber_technology,15-TV-009R2.pdf,,,,,,,,False,False,False,True,True,True,False,False,True,False,False,False,False,False,False,CA,corn starch,70.51,Corn (009),MDGS,2026-05-19,
3726,Valero Renewable Fuels LLC,Charles City,165.0,DDGS Dryer,Rotary Dryer,Soliton,tech_flags.fiber_technology,15-TV-009R2.pdf,,,,,,,,False,False,False,True,True,True,False,False,True,False,False,False,False,False,False,CFA,corn starch,42.0,Corn,,18-07-2023,FINAL
3727,Valero Renewable Fuels LLC,Ft. Dodge,150.0,DDGS Dryer,Rotary Dryer,Soliton,tech_flags.fiber_technology,16-TV-005R1.pdf,,,,,,,,False,False,False,True,True,True,False,False,True,False,False,False,False,False,False,CA,fiber/cellulosic,26.8,Corn Fiber (012),,2026-05-19,
3727,Valero Renewable Fuels LLC,Ft. Dodge,150.0,DDGS Dryer,Rotary Dryer,Soliton,tech_flags.fiber_technology,16-TV-005R1.pdf,,,,,,,,False,False,False,True,True,True,False,False,True,False,False,False,False,False,False,CA,corn starch,69.95,Corn (009),MDGS,2026-05-19,
3727,Valero Renewable Fuels LLC,Ft. Dodge,150.0,DDGS Dryer,Rotary Dryer,Soliton,tech_flags.fiber_technology,16-TV-005R1.pdf,,,,,,,,False,False,False,True,True,True,False,False,True,False,False,False,False,False,False,CFA,corn starch,38.0,Corn,,10-06-2025,FINAL
3728,Valero Renewable Fuels LLC,Hartley,150.0,DDGS Dryer,Rotary Dryer,Soliton,tech_flags.fiber_technology,16-TV-004R1.pdf,,,,165.0,,,,False,False,False,True,True,True,False,False,True,False,False,False,False,False,False,CA,fiber/cellulosic,25.15,Corn Fiber (012),,2026-05-19,
3728,Valero Renewable Fuels LLC,Hartley,150.0,DDGS Dryer,Rotary Dryer,Soliton,tech_flags.fiber_technology,16-TV-004R1.pdf,,,,165.0,,,,False,False,False,True,True,True,False,False,True,False,False,False,False,False,False,CA,corn starch,71.06,Corn (009),MDGS,2026-05-19,
3728,Valero Renewable Fuels LLC,Hartley,150.0,DDGS Dryer,Rotary Dryer,Soliton,tech_flags.fiber_technology,16-TV-004R1.pdf,,,,165.0,,,,False,False,False,True,True,True,False,False,True,False,False,False,False,False,False,CFA,corn starch,42.0,Corn,,25-03-2024,FINAL
3754,Poet Biorefinning-Emmetsburg LLC,Emmetsburg,68.0,Ring Dryer,Ring Dryer,BPX,tech_flags.fiber_technology,14-TV-003R1-M001.pdf,,5.9616,,,5.9616,0.08767058823529411,767.9943529411764,False,False,False,False,True,True,False,False,True,False,False,False,False,False,False,CA,fiber/cellulosic,27.51,Corn Fiber (012),DDGS + WDGS,2026-05-19,
3754,Poet Biorefinning-Emmetsburg LLC,Emmetsburg,68.0,Ring Dryer,Ring Dryer,BPX,tech_flags.fiber_technology,14-TV-003R1-M001.pdf,,5.9616,,,5.9616,0.08767058823529411,767.9943529411764,False,False,False,False,True,True,False,False,True,False,False,False,False,False,False,CA,corn starch,66.77,Corn (009),WDGS,2026-05-19,
